zone_id,base_context_id,source_dataset,sample_count,context_sample_count,context_cluster_count,label_nunique,zone_label_dominance_ratio,sample_count_risk_flag,soil_color_mode,soil_color_nunique,soil_color_dominant_ratio,soil_color_missing_ratio,ph_mean,ph_std,ph_min,ph_max,ph_median,ph_count,ph_range,ph_cv,ph_missing_ratio,nitrogen_mean,nitrogen_std,nitrogen_min,nitrogen_max,nitrogen_median,nitrogen_count,nitrogen_range,nitrogen_cv,nitrogen_missing_ratio,phosphorus_mean,phosphorus_std,phosphorus_min,phosphorus_max,phosphorus_median,phosphorus_count,phosphorus_range,phosphorus_cv,phosphorus_missing_ratio,potassium_mean,potassium_std,potassium_min,potassium_max,potassium_median,potassium_count,potassium_range,potassium_cv,potassium_missing_ratio,zinc_mean,zinc_std,zinc_min,zinc_max,zinc_median,zinc_count,zinc_range,zinc_cv,zinc_missing_ratio,sulfur_mean,sulfur_std,sulfur_min,sulfur_max,sulfur_median,sulfur_count,sulfur_range,sulfur_cv,sulfur_missing_ratio,soil_moisture_surface_mean,soil_moisture_surface_std,soil_moisture_surface_min,soil_moisture_surface_max,soil_moisture_surface_median,soil_moisture_surface_count,soil_moisture_surface_range,soil_moisture_surface_cv,soil_moisture_surface_missing_ratio,wind_speed_10m_mean,wind_speed_10m_std,wind_speed_10m_min,wind_speed_10m_max,wind_speed_10m_median,wind_speed_10m_count,wind_speed_10m_range,wind_speed_10m_cv,wind_speed_10m_missing_ratio,specific_humidity_mean_mean,specific_humidity_mean_std,specific_humidity_mean_min,specific_humidity_mean_max,specific_humidity_mean_median,specific_humidity_mean_count,specific_humidity_mean_range,specific_humidity_mean_cv,specific_humidity_mean_missing_ratio,temperature_mean_mean,temperature_mean_std,temperature_mean_min,temperature_mean_max,temperature_mean_median,temperature_mean_count,temperature_mean_range,temperature_mean_cv,temperature_mean_missing_ratio,temperature_seasonal_range_mean,temperature_seasonal_range_std,temperature_seasonal_range_min,temperature_seasonal_range_max,temperature_seasonal_range_median,temperature_seasonal_range_count,temperature_seasonal_range_range,temperature_seasonal_range_cv,temperature_seasonal_range_missing_ratio,rainfall_mean_mean,rainfall_mean_std,rainfall_mean_min,rainfall_mean_max,rainfall_mean_median,rainfall_mean_count,rainfall_mean_range,rainfall_mean_cv,rainfall_mean_missing_ratio,rainfall_total_proxy_mean,rainfall_total_proxy_std,rainfall_total_proxy_min,rainfall_total_proxy_max,rainfall_total_proxy_median,rainfall_total_proxy_count,rainfall_total_proxy_range,rainfall_total_proxy_cv,rainfall_total_proxy_missing_ratio,cloud_amount_mean,cloud_amount_std,cloud_amount_min,cloud_amount_max,cloud_amount_median,cloud_amount_count,cloud_amount_range,cloud_amount_cv,cloud_amount_missing_ratio,surface_pressure_mean,surface_pressure_std,surface_pressure_min,surface_pressure_max,surface_pressure_median,surface_pressure_count,surface_pressure_range,surface_pressure_cv,surface_pressure_missing_ratio,zone_target
zone_01_02,1,mendeley_8v757rr4st_crop_recommendation_soil_weather,20,236,9,3,0.7,ok,black,2,0.7333333333333333,0.0,6.762666666666666,0.3069310454591827,6.4,7.37,6.7,15,0.9699999999999998,0.04538609702176401,0.0,0.19176666666666667,0.035837822531642805,0.1417,0.2518,0.1947,15,0.11010000000000003,0.18688243976173893,0.0,8.579,9.290769451450187,2.0,34.0,6.0,15,32.0,1.0829664822765108,0.0,385.5928,99.19948375672125,208.6,537.0,387.0,15,328.4,0.2572648756841965,0.0,1.5076666666666665,0.715503984881253,0.8,3.63,1.4,15,2.83,0.4745770406022019,0.0,8.99,6.200862843185615,4.0,24.68,8.0,15,20.68,0.6897511505212031,0.0,0.65,0.0,0.65,0.65,0.65,15,0.0,0.0,0.0,75.69,0.0,75.69,75.69,75.69,15,0.0,0.0,0.0,8.59500000075,0.0,8.59500000075,8.59500000075,8.59500000075,15,0.0,0.0,0.0,13.937083334125001,0.0,13.937083334125001,13.937083334125001,13.937083334125001,15,0.0,0.0,0.0,23.563333337,0.0,23.563333337,23.563333337,23.563333337,15,0.0,0.0,0.0,3.2883333332499998,0.0,3.2883333332499998,3.2883333332499998,3.2883333332499998,15,0.0,0.0,0.0,13.153333332999999,0.0,13.153333332999999,13.153333332999999,13.153333332999999,15,0.0,0.0,0.0,0.46,0.0,0.46,0.46,0.46,15,0.0,0.0,0.0,74.17,0.0,74.17,74.17,74.17,15,0.0,0.0,0.0,Wheat
zone_01_03,1,mendeley_8v757rr4st_crop_recommendation_soil_weather,58,236,9,3,0.603448275862069,ok,brown,6,0.40384615384615385,0.0,5.715769230769231,0.2042619056346881,5.28,6.35,5.705,52,1.0699999999999994,0.03573655572641067,0.0,0.24653653846153847,0.025634780515864205,0.1679,0.2992,0.2518,52,0.13130000000000003,0.10397963999913717,0.0,13.815134615384617,15.138169688920224,4.267,85.046,8.804,52,80.77900000000001,1.0957670779452462,0.0,223.3056346153846,93.83754684476928,55.537,507.187,205.185,52,451.65000000000003,0.4202202376415286,0.0,3.249769230769231,1.1618391373144026,1.653,7.332,2.9775,52,5.679,0.35751435096189627,0.0,21.01784615384615,2.493582165296133,16.39,26.674,21.345,52,10.283999999999999,0.11864118459349467,0.0,0.6500000000000001,0.0,0.65,0.65,0.65,52,0.0,0.0,0.0,75.69,0.0,75.69,75.69,75.69,52,0.0,0.0,0.0,8.59500000075,0.0,8.59500000075,8.59500000075,8.59500000075,52,0.0,0.0,0.0,13.937083334125001,0.0,13.937083334125001,13.937083334125001,13.937083334125001,52,0.0,0.0,0.0,23.563333337,0.0,23.563333337,23.563333337,23.563333337,52,0.0,0.0,0.0,3.2883333332499998,0.0,3.2883333332499998,3.2883333332499998,3.2883333332499998,52,0.0,0.0,0.0,13.153333332999999,0.0,13.153333332999999,13.153333332999999,13.153333332999999,52,0.0,0.0,0.0,0.46,0.0,0.46,0.46,0.46,52,0.0,0.0,0.0,74.17,0.0,74.17,74.17,74.17,52,0.0,0.0,0.0,Barley
zone_01_08,1,mendeley_8v757rr4st_crop_recommendation_soil_weather,21,236,9,2,0.9523809523809523,ok,brown,4,0.5714285714285714,0.0,5.854285714285714,0.26169775368870524,5.5,6.4,5.8,21,0.9000000000000004,0.04470191009811949,0.0,0.3439380952380952,0.04174025007340607,0.286,0.4366,0.3411,21,0.1506,0.12135977564366893,0.0,10.156190476190476,8.193430585652433,3.0,34.0,7.0,21,31.0,0.806742508902387,0.0,259.32233333333335,111.92192535126142,60.769,445.0,258.0,21,384.231,0.43159385430716757,0.0,3.2325238095238094,1.2120040271817425,1.2,6.3,3.0,21,5.1,0.37494047951352466,0.0,9.65952380952381,2.449368237302175,6.0,14.0,10.0,21,8.0,0.2535702883083346,0.0,0.65,0.0,0.65,0.65,0.65,21,0.0,0.0,0.0,75.69,0.0,75.69,75.69,75.69,21,0.0,0.0,0.0,8.59500000075,0.0,8.59500000075,8.59500000075,8.59500000075,21,0.0,0.0,0.0,13.937083334125001,0.0,13.937083334125001,13.937083334125001,13.937083334125001,21,0.0,0.0,0.0,23.563333337,0.0,23.563333337,23.563333337,23.563333337,21,0.0,0.0,0.0,3.2883333332499998,0.0,3.2883333332499998,3.2883333332499998,3.2883333332499998,21,0.0,0.0,0.0,13.153333332999999,0.0,13.153333332999999,13.153333332999999,13.153333332999999,21,0.0,0.0,0.0,0.46,0.0,0.46,0.46,0.46,21,0.0,0.0,0.0,74.17,0.0,74.17,74.17,74.17,21,0.0,0.0,0.0,Barley
zone_02_05,2,mendeley_8v757rr4st_crop_recommendation_soil_weather,59,286,11,6,0.711864406779661,ok,brown,4,0.47368421052631576,0.0,5.248771929824562,0.27845921845191646,4.3,5.91,5.2,57,1.6100000000000003,0.05305226101931692,0.0,0.1684196742105263,0.026202442230902748,0.1094,0.2289,0.1623,57,0.1195,0.15557827405692182,0.0,4.776140350877193,2.527142481698849,1.0,12.0,4.0,57,11.0,0.5291181364121157,0.0,296.38438596491227,98.48882516410436,85.0,501.0,288.0,57,416.0,0.3323009909697606,0.0,1.5926315789473684,0.6077080076454405,0.7,4.0,1.5,57,3.3,0.3815747569485582,0.0,13.535438596491227,2.0653986731858804,9.0,17.0,13.0,57,8.0,0.15259192810503316,0.0,0.6300000000000001,0.0,0.63,0.63,0.63,57,0.0,0.0,0.0,88.31,0.0,88.31,88.31,88.31,57,0.0,0.0,0.0,9.3258333335,0.0,9.3258333335,9.3258333335,9.3258333335,57,0.0,0.0,0.0,17.892500000374998,0.0,17.892500000374998,17.892500000374998,17.892500000374998,57,0.0,0.0,0.0,21.456666667,0.0,21.456666667,21.456666667,21.456666667,57,0.0,0.0,0.0,4.47583333425,0.0,4.47583333425,4.47583333425,4.47583333425,57,0.0,0.0,0.0,17.903333337,0.0,17.903333337,17.903333337,17.903333337,57,0.0,0.0,0.0,59.11,0.0,59.11,59.11,59.11,57,0.0,0.0,0.0,77.15,0.0,77.15,77.15,77.15,57,0.0,0.0,0.0,Teff
zone_06_11,6,mendeley_8v757rr4st_crop_recommendation_soil_weather,24,457,18,5,0.7083333333333334,ok,black,2,0.5,0.0,6.600454545454546,0.4758398817602337,5.8,7.3,6.65,22,1.5,0.0720919867689907,0.0,0.15580454545454545,0.03444659741677069,0.0742,0.2118,0.15184999999999998,22,0.1376,0.22108852675816298,0.0,68.16818181818182,44.46703847596004,4.0,138.0,77.0,22,134.0,0.6523136937194911,0.0,664.5909090909091,137.1216557836452,407.0,933.0,632.5,22,526.0,0.20632490440053308,0.0,2.5413636363636365,0.43909317217740224,1.7,3.6,2.5,22,1.9000000000000001,0.17277856891258897,0.0,8.101818181818182,1.8331540250763656,5.0,12.0,8.0,22,7.0,0.22626452284380635,0.0,0.7400000000000001,0.0,0.74,0.74,0.74,22,0.0,0.0,0.0,88.38,0.0,88.38,88.38,88.38,22,0.0,0.0,0.0,9.474999999,0.0,9.474999999,9.474999999,9.474999999,22,0.0,0.0,0.0,16.695000000375,0.0,16.695000000375,16.695000000375,16.695000000375,22,0.0,0.0,0.0,22.246666667,0.0,22.246666667,22.246666667,22.246666667,22,0.0,0.0,0.0,5.37166666575,0.0,5.37166666575,5.37166666575,5.37166666575,22,0.0,0.0,0.0,21.486666663,0.0,21.486666663,21.486666663,21.486666663,22,0.0,0.0,0.0,59.11000000000001,0.0,59.11,59.11,59.11,22,0.0,0.0,0.0,76.54,0.0,76.54,76.54,76.54,22,0.0,0.0,0.0,Teff
zone_06_12,6,mendeley_8v757rr4st_crop_recommendation_soil_weather,50,457,18,6,0.64,ok,black,5,0.8333333333333334,0.0,7.707142857142857,0.3507572693771376,7.1,8.5,7.699999999999999,42,1.4000000000000004,0.04551067443262211,0.0,0.07744672185714285,0.030609782233467282,0.024,0.1324,0.09,42,0.1084,0.39523664138980164,0.0,4.8776190476190475,4.070781557082373,0.73,20.0,3.0,42,19.27,0.8345837420553534,0.0,391.8095238095238,71.80503348591972,208.0,561.0,402.0,42,353.0,0.183265155955799,0.0,1.068095238095238,0.2419356707004136,0.7,1.7,1.0,42,1.0,0.2265113278960627,0.0,5.9383333333333335,1.9094411347707139,3.0,11.0,6.0,42,8.0,0.3215449567393849,0.0,0.74,0.0,0.74,0.74,0.74,42,0.0,0.0,0.0,88.38,0.0,88.38,88.38,88.38,42,0.0,0.0,0.0,9.474999999,0.0,9.474999999,9.474999999,9.474999999,42,0.0,0.0,0.0,16.695000000375,0.0,16.695000000375,16.695000000375,16.695000000375,42,0.0,0.0,0.0,22.246666667,0.0,22.246666667,22.246666667,22.246666667,42,0.0,0.0,0.0,5.37166666575,0.0,5.37166666575,5.37166666575,5.37166666575,42,0.0,0.0,0.0,21.486666663,0.0,21.486666663,21.486666663,21.486666663,42,0.0,0.0,0.0,59.11,0.0,59.11,59.11,59.11,42,0.0,0.0,0.0,76.54,0.0,76.54,76.54,76.54,42,0.0,0.0,0.0,Teff
zone_07_00,7,mendeley_8v757rr4st_crop_recommendation_soil_weather,44,46,2,2,0.9090909090909091,ok,black,5,0.45,0.0,6.06925,0.5113250133044244,5.03,7.45,6.11,40,2.42,0.08424846781800459,0.0,0.23000000000000004,0.0,0.23,0.23,0.23,40,0.0,0.0,0.0,9.876275000000001,14.59430879941535,1.034,89.656,6.048,40,88.622,1.477713895108768,0.0,296.303975,98.55755585404115,82.392,502.668,299.492,40,420.276,0.33262313087106293,0.0,1.4260512,0.8892662907687152,0.462121,4.791,1.1995,40,4.328879000000001,0.6235865099154331,0.0,13.27945,2.076142317017988,9.453,20.017,13.0915,40,10.564,0.15634249287568294,0.0,0.73,0.0,0.73,0.73,0.73,40,0.0,0.0,0.0,3.44,0.0,3.44,3.44,3.44,40,0.0,0.0,0.0,10.0241666665,0.0,10.0241666665,10.0241666665,10.0241666665,40,0.0,0.0,0.0,16.512916666625,0.0,16.512916666625,16.512916666625,16.512916666625,40,0.0,0.0,0.0,23.13666667,0.0,23.13666667,23.13666667,23.13666667,40,0.0,0.0,0.0,5.710833332499999,0.0,5.710833332499999,5.710833332499999,5.710833332499999,40,0.0,0.0,0.0,22.843333329999997,0.0,22.843333329999997,22.843333329999997,22.843333329999997,40,0.0,0.0,0.0,56.57000000000001,0.0,56.57,56.57,56.57,40,0.0,0.0,0.0,77.03,0.0,77.03,77.03,77.03,40,0.0,0.0,0.0,Wheat
zone_08_00,8,mendeley_8v757rr4st_crop_recommendation_soil_weather,17,17,1,1,1.0,ok,brown,4,0.4117647058823529,0.0,5.629411764705883,0.38714452385761705,5.06,6.43,5.57,17,1.37,0.06877175449926322,0.0,0.23,0.0,0.23,0.23,0.23,17,0.0,0.0,0.0,15.788287058823528,19.288792745681285,0.83888,66.314,6.382,17,65.47511999999999,1.2217153560621032,0.0,324.5754117647059,170.69266669882845,77.385,738.231,317.357,17,660.846,0.5258952481051414,0.0,2.1713532352941174,1.6471678529974763,0.451893,6.611,1.772,17,6.159107,0.7585904615719338,0.0,13.991823529411764,2.5647280858624693,10.133,17.755,13.816,17,7.622,0.18330191775726992,0.0,0.73,0.0,0.73,0.73,0.73,17,0.0,0.0,0.0,3.44,0.0,3.44,3.44,3.44,17,0.0,0.0,0.0,10.0241666665,0.0,10.0241666665,10.0241666665,10.0241666665,17,0.0,0.0,0.0,16.512916666625,0.0,16.512916666625,16.512916666625,16.512916666625,17,0.0,0.0,0.0,23.13666667,0.0,23.13666667,23.13666667,23.13666667,17,0.0,0.0,0.0,6.229166665749999,0.0,6.229166665749999,6.229166665749999,6.229166665749999,17,0.0,0.0,0.0,24.916666662999997,0.0,24.916666662999997,24.916666662999997,24.916666662999997,17,0.0,0.0,0.0,56.57,0.0,56.57,56.57,56.57,17,0.0,0.0,0.0,77.03,0.0,77.03,77.03,77.03,17,0.0,0.0,0.0,Barley
zone_09_01,9,mendeley_8v757rr4st_crop_recommendation_soil_weather,57,175,7,7,0.8245614035087719,ok,black,6,0.4716981132075472,0.0,5.667924528301886,0.3446032193840758,5.0,6.4,5.6,53,1.4000000000000004,0.060798836975219775,0.0,0.13140377358490568,0.025867160367659462,0.09,0.202,0.128,53,0.11200000000000002,0.19685249260323234,0.0,4.654905660377358,3.952596820514871,1.0,23.5,4.0,53,22.5,0.849125011095165,0.0,270.62264150943395,84.52542321580722,91.0,443.0,267.0,53,352.0,0.3123368493646924,0.0,1.388490566037736,0.4398749657416433,0.8,3.27,1.3,53,2.4699999999999998,0.31680083142148513,0.0,10.382264150943396,3.7019078457078334,4.0,20.0,9.0,53,16.0,0.35656074550669714,0.0,0.62,0.0,0.62,0.62,0.62,53,0.0,0.0,0.0,67.12,0.0,67.12,67.12,67.12,53,0.0,0.0,0.0,10.025,0.0,10.025,10.025,10.025,53,0.0,0.0,0.0,20.393750000375,0.0,20.393750000375,20.393750000375,20.393750000375,53,0.0,0.0,0.0,24.333333337000003,0.0,24.333333337000003,24.333333337000003,24.333333337000003,53,0.0,0.0,0.0,3.4066666667499996,0.0,3.4066666667499996,3.4066666667499996,3.4066666667499996,53,0.0,0.0,0.0,13.626666666999999,0.0,13.626666666999999,13.626666666999999,13.626666666999999,53,0.0,0.0,0.0,57.49,0.0,57.49,57.49,57.49,53,0.0,0.0,0.0,81.40000000000002,0.0,81.4,81.4,81.4,53,0.0,0.0,0.0,Teff
zone_09_04,9,mendeley_8v757rr4st_crop_recommendation_soil_weather,49,175,7,3,0.8775510204081632,ok,black,6,0.5813953488372093,0.0,6.794651162790698,0.5332976870701107,6.1,8.2,6.6,43,2.0999999999999996,0.07848786851495622,0.0,0.10363953488372094,0.028788672867862495,0.0503,0.19,0.1045,43,0.1397,0.27777694004669296,0.0,8.962558139534883,9.53394988674515,0.89,53.0,5.0,43,52.11,1.0637531983965371,0.0,290.3255813953488,111.77266914638082,93.0,598.0,288.0,43,505.0,0.38499077004921306,0.0,1.899767441860465,1.197812467180809,0.7,7.3,1.58,43,6.6,0.6305047874742905,0.0,6.712558139534884,1.980933032957733,3.0,13.0,6.0,43,10.0,0.2951085103145182,0.0,0.62,0.0,0.62,0.62,0.62,43,0.0,0.0,0.0,67.12,0.0,67.12,67.12,67.12,43,0.0,0.0,0.0,10.025,0.0,10.025,10.025,10.025,43,0.0,0.0,0.0,20.393750000375,0.0,20.393750000375,20.393750000375,20.393750000375,43,0.0,0.0,0.0,24.333333337000003,0.0,24.333333337000003,24.333333337000003,24.333333337000003,43,0.0,0.0,0.0,3.406666666749999,0.0,3.4066666667499996,3.4066666667499996,3.4066666667499996,43,0.0,0.0,0.0,13.626666666999997,0.0,13.626666666999999,13.626666666999999,13.626666666999999,43,0.0,0.0,0.0,57.49,0.0,57.49,57.49,57.49,43,0.0,0.0,0.0,81.4,0.0,81.4,81.4,81.4,43,0.0,0.0,0.0,Teff
zone_10_01,10,mendeley_8v757rr4st_crop_recommendation_soil_weather,32,292,12,3,0.65625,ok,red,5,0.5483870967741935,0.0,5.267096774193549,0.23496373547687585,4.8,5.69,5.1,31,0.8900000000000006,0.044609724398475936,0.0,0.23108064516129032,0.021459782840697435,0.2,0.31,0.2344,31,0.10999999999999999,0.09286707169143861,0.0,2.4761290322580645,1.0482960059682724,1.0,6.0,3.0,31,5.0,0.4233608153337213,0.0,318.83870967741933,91.15667712760398,146.0,529.0,310.0,31,383.0,0.2859021642002958,0.0,1.8651612903225807,0.36997180944626884,1.2,2.7,1.9,31,1.5000000000000002,0.19835915068893695,0.0,7.438387096774194,3.1373269904747407,0.5,11.8,8.0,31,11.3,0.4217751711033304,0.0,0.7,0.0,0.7,0.7,0.7,31,0.0,0.0,0.0,3.44,0.0,3.44,3.44,3.44,31,0.0,0.0,0.0,10.4725,0.0,10.4725,10.4725,10.4725,31,0.0,0.0,0.0,19.236250000375,0.0,19.236250000375,19.236250000375,19.236250000375,31,0.0,0.0,0.0,22.423333337000003,0.0,22.423333337000003,22.423333337000003,22.423333337000003,31,0.0,0.0,0.0,6.0766666664999995,0.0,6.0766666664999995,6.0766666664999995,6.0766666664999995,31,0.0,0.0,0.0,24.306666665999998,0.0,24.306666665999998,24.306666665999998,24.306666665999998,31,0.0,0.0,0.0,48.62,0.0,48.62,48.62,48.62,31,0.0,0.0,0.0,79.61,0.0,79.61,79.61,79.61,31,0.0,0.0,0.0,Maize
zone_10_02,10,mendeley_8v757rr4st_crop_recommendation_soil_weather,52,292,12,6,0.7884615384615384,ok,brown,5,0.48936170212765956,0.0,5.964893617021277,0.29002153098801586,5.4,6.5,6.0,47,1.0999999999999996,0.04862140879770553,0.0,0.11628058804255319,0.028268044073721348,0.0785,0.1756,0.1116,47,0.0971,0.2431020048107822,0.0,2.79531914893617,2.1864939684779747,1.0,10.0,2.0,47,9.0,0.7821983294144071,0.0,277.06382978723406,70.70219363650519,114.0,468.0,287.0,47,354.0,0.255183773684207,0.0,1.1440425531914895,0.3174741316025887,0.7,2.7,1.1,47,2.0,0.2775020305992499,0.0,6.0212765957446805,1.893509069358972,2.0,11.9,6.0,47,9.9,0.3144697040984865,0.0,0.7,0.0,0.7,0.7,0.7,47,0.0,0.0,0.0,3.44,0.0,3.44,3.44,3.44,47,0.0,0.0,0.0,10.4725,0.0,10.4725,10.4725,10.4725,47,0.0,0.0,0.0,19.236250000375,0.0,19.236250000375,19.236250000375,19.236250000375,47,0.0,0.0,0.0,22.423333337000003,0.0,22.423333337000003,22.423333337000003,22.423333337000003,47,0.0,0.0,0.0,6.0766666664999995,0.0,6.0766666664999995,6.0766666664999995,6.0766666664999995,47,0.0,0.0,0.0,24.306666665999998,0.0,24.306666665999998,24.306666665999998,24.306666665999998,47,0.0,0.0,0.0,48.62,0.0,48.62,48.62,48.62,47,0.0,0.0,0.0,79.61,0.0,79.61,79.61,79.61,47,0.0,0.0,0.0,Teff
zone_10_03,10,mendeley_8v757rr4st_crop_recommendation_soil_weather,8,292,12,3,0.625,ok,red,3,0.5714285714285714,0.0,5.638571428571429,0.27811439920942455,5.1,5.98,5.6,7,0.8800000000000008,0.049323556991790515,0.0,0.21285714285714286,0.052400949646065814,0.1376,0.26,0.2344,7,0.12240000000000001,0.24617895806876558,0.0,23.085714285714285,7.680153768301903,11.6,36.0,23.0,7,24.4,0.3326799280823844,0.0,478.7142857142857,145.8123386248163,326.0,770.0,454.0,7,444.0,0.30459157576058316,0.0,3.3528571428571428,0.6327378152577441,2.56,4.4,3.5,7,1.8400000000000003,0.18871600795927604,0.0,9.302857142857144,2.1229045691042754,6.0,12.0,10.0,7,6.0,0.2281992012243539,0.0,0.7,0.0,0.7,0.7,0.7,7,0.0,0.0,0.0,3.44,0.0,3.44,3.44,3.44,7,0.0,0.0,0.0,10.4725,0.0,10.4725,10.4725,10.4725,7,0.0,0.0,0.0,19.236250000375,0.0,19.236250000375,19.236250000375,19.236250000375,7,0.0,0.0,0.0,22.423333337000003,0.0,22.423333337000003,22.423333337000003,22.423333337000003,7,0.0,0.0,0.0,6.076666666499999,0.0,6.0766666664999995,6.0766666664999995,6.0766666664999995,7,0.0,0.0,0.0,24.306666665999995,0.0,24.306666665999998,24.306666665999998,24.306666665999998,7,0.0,0.0,0.0,48.62,0.0,48.62,48.62,48.62,7,0.0,0.0,0.0,79.61,0.0,79.61,79.61,79.61,7,0.0,0.0,0.0,Maize
zone_10_10,10,mendeley_8v757rr4st_crop_recommendation_soil_weather,21,292,12,5,0.6666666666666666,ok,red,3,0.631578947368421,0.0,5.474210526315789,0.2447065314815026,5.1,6.17,5.4,19,1.0700000000000003,0.044701702703091525,0.0,0.14573684210526316,0.025943854132558297,0.1116,0.2,0.1501,19,0.0884,0.17801850072900238,0.0,3.655263157894737,1.9183973879287097,1.45,8.0,3.0,19,6.55,0.5248315388141899,0.0,363.89473684210526,74.69783184183693,218.0,522.0,356.0,19,304.0,0.20527318556478186,0.0,2.02,0.320138858761146,1.4,2.7,2.0,19,1.3000000000000003,0.1584845835451218,0.0,10.852631578947367,1.7799402053167188,8.0,13.0,11.0,19,5.0,0.16401000921929032,0.0,0.7,0.0,0.7,0.7,0.7,19,0.0,0.0,0.0,3.44,0.0,3.44,3.44,3.44,19,0.0,0.0,0.0,10.4725,0.0,10.4725,10.4725,10.4725,19,0.0,0.0,0.0,19.236250000375,0.0,19.236250000375,19.236250000375,19.236250000375,19,0.0,0.0,0.0,22.423333337000003,0.0,22.423333337000003,22.423333337000003,22.423333337000003,19,0.0,0.0,0.0,6.0766666664999995,0.0,6.0766666664999995,6.0766666664999995,6.0766666664999995,19,0.0,0.0,0.0,24.306666665999998,0.0,24.306666665999998,24.306666665999998,24.306666665999998,19,0.0,0.0,0.0,48.62,0.0,48.62,48.62,48.62,19,0.0,0.0,0.0,79.61,0.0,79.61,79.61,79.61,19,0.0,0.0,0.0,Teff
zone_11_00,11,mendeley_8v757rr4st_crop_recommendation_soil_weather,14,353,14,5,0.6428571428571429,ok,red,2,0.8333333333333334,0.0,5.911666666666666,0.25880260408038386,5.57,6.3,5.835,12,0.7299999999999995,0.043778280927045485,0.0,0.22194166666666668,0.03666706370308456,0.1684,0.2776,0.21739999999999998,12,0.10920000000000002,0.16521036474937661,0.0,6.293333333333333,4.2542520618859205,0.84,14.4,6.0,12,13.56,0.6759934420369578,0.0,479.25,122.0827774317678,314.0,733.0,459.0,12,419.0,0.25473714644083,0.0,1.9425000000000001,0.518163277180255,1.1,2.7,2.05,12,1.6,0.2667507218431171,0.0,9.72,2.997486826114048,4.91,14.6,10.3,12,9.69,0.3083834183244905,0.0,0.6999999999999998,0.0,0.7,0.7,0.7,12,0.0,0.0,0.0,0.06,0.0,0.06,0.06,0.06,12,0.0,0.0,0.0,11.013333334,0.0,11.013333333999999,11.013333333999999,11.013333333999999,12,0.0,0.0,0.0,19.975833332875,0.0,19.975833332875,19.975833332875,19.975833332875,12,0.0,0.0,0.0,24.566666667000003,0.0,24.566666667,24.566666667,24.566666667,12,0.0,0.0,0.0,6.71833333325,0.0,6.71833333325,6.71833333325,6.71833333325,12,0.0,0.0,0.0,26.873333333,0.0,26.873333333,26.873333333,26.873333333,12,0.0,0.0,0.0,48.62,0.0,48.62,48.62,48.62,12,0.0,0.0,0.0,81.38,0.0,81.38,81.38,81.38,12,0.0,0.0,0.0,Maize
zone_11_01,11,mendeley_8v757rr4st_crop_recommendation_soil_weather,45,353,14,4,0.6222222222222222,ok,red,4,0.9117647058823529,0.0,4.976470588235294,0.2118587630294549,4.5,5.3,5.0,34,0.7999999999999998,0.04257209186171079,0.0,0.2162294117647059,0.014961678916723552,0.191,0.25,0.2158,34,0.059,0.06919354214867117,0.0,3.077058823529412,1.648713969738443,1.0,10.0,3.0,34,9.0,0.5358084015590429,0.0,213.2941176470588,82.46377695572718,76.0,493.0,210.0,34,417.0,0.3866200243373862,0.0,1.07,0.3180337317729906,0.6,1.88,1.0,34,1.2799999999999998,0.2972277867037295,0.0,16.53235294117647,2.328833833310763,13.0,21.0,16.0,34,8.0,0.14086523809387289,0.0,0.7,0.0,0.7,0.7,0.7,34,0.0,0.0,0.0,0.06,0.0,0.06,0.06,0.06,34,0.0,0.0,0.0,11.013333333999999,0.0,11.013333333999999,11.013333333999999,11.013333333999999,34,0.0,0.0,0.0,19.975833332875,0.0,19.975833332875,19.975833332875,19.975833332875,34,0.0,0.0,0.0,24.566666667,0.0,24.566666667,24.566666667,24.566666667,34,0.0,0.0,0.0,6.71833333325,0.0,6.71833333325,6.71833333325,6.71833333325,34,0.0,0.0,0.0,26.873333333,0.0,26.873333333,26.873333333,26.873333333,34,0.0,0.0,0.0,48.62,0.0,48.62,48.62,48.62,34,0.0,0.0,0.0,81.38,0.0,81.38,81.38,81.38,34,0.0,0.0,0.0,Maize
zone_11_05,11,mendeley_8v757rr4st_crop_recommendation_soil_weather,13,353,14,3,0.8461538461538461,ok,brown,8,0.2727272727272727,0.0,6.2318181818181815,0.37857147757902154,5.87,7.2,6.12,11,1.33,0.06074815832777881,0.0,0.1029090909090909,0.014754352208447138,0.08,0.12,0.103,11,0.039999999999999994,0.1433726804707761,0.0,2.2572727272727273,1.37213039401575,0.73,5.06,2.0,11,4.33,0.607870895456031,0.0,245.1818181818182,66.00729987178417,190.0,422.0,222.0,11,232.0,0.2692177599516596,0.0,0.9763636363636364,0.3728075301619516,0.58,1.7,0.85,11,1.12,0.38183266590144016,0.0,7.207272727272727,1.742974990693159,4.04,11.0,7.28,11,6.96,0.2418355814533899,0.0,0.7,0.0,0.7,0.7,0.7,11,0.0,0.0,0.0,0.05999999999999999,0.0,0.06,0.06,0.06,11,0.0,0.0,0.0,11.013333333999999,0.0,11.013333333999999,11.013333333999999,11.013333333999999,11,0.0,0.0,0.0,19.975833332875,0.0,19.975833332875,19.975833332875,19.975833332875,11,0.0,0.0,0.0,24.566666666999996,0.0,24.566666667,24.566666667,24.566666667,11,0.0,0.0,0.0,6.71833333325,0.0,6.71833333325,6.71833333325,6.71833333325,11,0.0,0.0,0.0,26.873333333,0.0,26.873333333,26.873333333,26.873333333,11,0.0,0.0,0.0,48.62,0.0,48.62,48.62,48.62,11,0.0,0.0,0.0,81.38,0.0,81.38,81.38,81.38,11,0.0,0.0,0.0,Teff
zone_11_06,11,mendeley_8v757rr4st_crop_recommendation_soil_weather,61,353,14,5,0.7213114754098361,ok,red,5,0.7735849056603774,0.0,5.244150943396226,0.1868404704375465,4.8,5.7,5.2,53,0.9000000000000004,0.03562835480028051,0.0,0.19928490566037735,0.01656085974433991,0.1621,0.2601,0.201,53,0.098,0.0831014255167074,0.0,2.7409433962264154,1.1548131120044813,0.98,6.0,3.0,53,5.02,0.4213195768998245,0.0,297.811320754717,107.00935555860626,113.0,544.0,285.0,53,431.0,0.3593193008493495,0.0,1.2084905660377359,0.28014691356236576,0.6,1.8,1.2,53,1.2000000000000002,0.23181555689001382,0.0,12.210943396226414,1.6765007790391901,8.0,16.0,12.0,53,8.0,0.13729494312104373,0.0,0.6999999999999998,0.0,0.7,0.7,0.7,53,0.0,0.0,0.0,0.06,0.0,0.06,0.06,0.06,53,0.0,0.0,0.0,11.013333333999999,0.0,11.013333333999999,11.013333333999999,11.013333333999999,53,0.0,0.0,0.0,19.975833332875,0.0,19.975833332875,19.975833332875,19.975833332875,53,0.0,0.0,0.0,24.566666667,0.0,24.566666667,24.566666667,24.566666667,53,0.0,0.0,0.0,6.71833333325,0.0,6.71833333325,6.71833333325,6.71833333325,53,0.0,0.0,0.0,26.873333333,0.0,26.873333333,26.873333333,26.873333333,53,0.0,0.0,0.0,48.61999999999999,0.0,48.62,48.62,48.62,53,0.0,0.0,0.0,81.38,0.0,81.38,81.38,81.38,53,0.0,0.0,0.0,Maize
zone_11_07,11,mendeley_8v757rr4st_crop_recommendation_soil_weather,55,353,14,6,0.6181818181818182,ok,red,3,0.8372093023255814,0.0,5.006976744186047,0.15945644104001327,4.7,5.3,5.0,43,0.5999999999999996,0.03184685074185123,0.0,0.16713488372093022,0.017061051211415375,0.1185,0.192,0.169,43,0.07350000000000001,0.10207953499344093,0.0,3.0,1.0910894511799623,1.0,5.0,3.0,43,4.0,0.3636964837266541,0.0,200.1627906976744,81.62688931163092,84.0,388.0,187.0,43,304.0,0.40780251427909026,0.0,1.1744186046511629,0.436486525868409,0.4,2.4,1.2,43,2.0,0.3716617943037938,0.0,16.511627906976745,1.4371283042972132,14.0,19.0,17.0,43,5.0,0.08703734800673263,0.0,0.7,0.0,0.7,0.7,0.7,43,0.0,0.0,0.0,0.060000000000000005,0.0,0.06,0.06,0.06,43,0.0,0.0,0.0,11.013333333999999,0.0,11.013333333999999,11.013333333999999,11.013333333999999,43,0.0,0.0,0.0,19.975833332875,0.0,19.975833332875,19.975833332875,19.975833332875,43,0.0,0.0,0.0,24.566666667,0.0,24.566666667,24.566666667,24.566666667,43,0.0,0.0,0.0,6.71833333325,0.0,6.71833333325,6.71833333325,6.71833333325,43,0.0,0.0,0.0,26.873333333,0.0,26.873333333,26.873333333,26.873333333,43,0.0,0.0,0.0,48.62,0.0,48.62,48.62,48.62,43,0.0,0.0,0.0,81.38,0.0,81.38,81.38,81.38,43,0.0,0.0,0.0,Maize
zone_11_08,11,mendeley_8v757rr4st_crop_recommendation_soil_weather,21,353,14,4,0.7142857142857143,ok,red,2,0.875,0.0,5.0375,0.21870832936432333,4.7,5.5,5.05,16,0.7999999999999998,0.04341604553137932,0.0,0.1494625,0.02280490809745423,0.1172,0.1894,0.1431,16,0.07220000000000001,0.15257946372805373,0.0,3.0,1.7511900715418263,1.0,8.0,2.5,16,7.0,0.5837300238472755,0.0,240.5,95.03543198898679,88.0,464.0,211.5,16,376.0,0.3951577213679284,0.0,1.0,0.282842712474619,0.6,1.6,1.0,16,1.0,0.282842712474619,0.0,20.5,2.033060090930254,18.0,25.0,20.0,16,7.0,0.0991736629722075,0.0,0.7,0.0,0.7,0.7,0.7,16,0.0,0.0,0.0,0.06,0.0,0.06,0.06,0.06,16,0.0,0.0,0.0,11.013333333999999,0.0,11.013333333999999,11.013333333999999,11.013333333999999,16,0.0,0.0,0.0,19.975833332875,0.0,19.975833332875,19.975833332875,19.975833332875,16,0.0,0.0,0.0,24.566666667,0.0,24.566666667,24.566666667,24.566666667,16,0.0,0.0,0.0,6.71833333325,0.0,6.71833333325,6.71833333325,6.71833333325,16,0.0,0.0,0.0,26.873333333,0.0,26.873333333,26.873333333,26.873333333,16,0.0,0.0,0.0,48.62,0.0,48.62,48.62,48.62,16,0.0,0.0,0.0,81.38,0.0,81.38,81.38,81.38,16,0.0,0.0,0.0,Maize
zone_11_09,11,mendeley_8v757rr4st_crop_recommendation_soil_weather,8,353,14,3,0.75,ok,red,3,0.7142857142857143,0.0,5.028571428571428,0.24299715851758236,4.6,5.3,5.1,7,0.7000000000000002,0.04832329856883741,0.0,0.20732857142857145,0.03410721889794566,0.164,0.241,0.228,7,0.07699999999999999,0.16450804953188147,0.0,4.428571428571429,1.9880595947760098,2.0,8.0,4.0,7,6.0,0.44891668269135704,0.0,383.85714285714283,154.55573813506953,174.0,564.0,384.0,7,390.0,0.40263869257368323,0.0,3.8000000000000003,0.6324555320336758,2.8,4.5,3.7,7,1.7000000000000002,0.1664356663246515,0.0,10.857142857142858,4.180453381654971,3.0,17.0,11.0,7,14.0,0.38504175883664205,0.0,0.7,0.0,0.7,0.7,0.7,7,0.0,0.0,0.0,0.06,0.0,0.06,0.06,0.06,7,0.0,0.0,0.0,11.013333333999999,0.0,11.013333333999999,11.013333333999999,11.013333333999999,7,0.0,0.0,0.0,19.975833332875,0.0,19.975833332875,19.975833332875,19.975833332875,7,0.0,0.0,0.0,24.566666667,0.0,24.566666667,24.566666667,24.566666667,7,0.0,0.0,0.0,6.71833333325,0.0,6.71833333325,6.71833333325,6.71833333325,7,0.0,0.0,0.0,26.873333333,0.0,26.873333333,26.873333333,26.873333333,7,0.0,0.0,0.0,48.62,0.0,48.62,48.62,48.62,7,0.0,0.0,0.0,81.38,0.0,81.38,81.38,81.38,7,0.0,0.0,0.0,Maize
zone_11_11,11,mendeley_8v757rr4st_crop_recommendation_soil_weather,10,353,14,2,0.9,ok,red,2,0.9,0.0,5.35,0.1581138830084192,5.1,5.5,5.4,10,0.40000000000000036,0.02955399682400359,0.0,0.23609999999999998,0.033264629196122955,0.1586,0.282,0.2344,10,0.12339999999999998,0.140892118577395,0.0,6.7,2.907843798341919,3.0,11.0,6.0,10,8.0,0.43400653706595804,0.0,870.3,130.62588649353626,703.0,1116.0,887.5,10,413.0,0.15009294093247877,0.0,2.4899999999999998,0.597122730730924,1.6,3.6,2.45,10,2.0,0.23980832559474863,0.0,12.0,3.559026084010437,6.0,18.0,11.5,10,12.0,0.2965855070008698,0.0,0.7,0.0,0.7,0.7,0.7,10,0.0,0.0,0.0,0.06,0.0,0.06,0.06,0.06,10,0.0,0.0,0.0,11.013333333999999,0.0,11.013333333999999,11.013333333999999,11.013333333999999,10,0.0,0.0,0.0,19.975833332875,0.0,19.975833332875,19.975833332875,19.975833332875,10,0.0,0.0,0.0,24.566666667,0.0,24.566666667,24.566666667,24.566666667,10,0.0,0.0,0.0,6.7183333332499995,0.0,6.71833333325,6.71833333325,6.71833333325,10,0.0,0.0,0.0,26.873333332999998,0.0,26.873333333,26.873333333,26.873333333,10,0.0,0.0,0.0,48.62,0.0,48.62,48.62,48.62,10,0.0,0.0,0.0,81.38,0.0,81.38,81.38,81.38,10,0.0,0.0,0.0,Maize
zone_11_12,11,mendeley_8v757rr4st_crop_recommendation_soil_weather,9,353,14,1,1.0,ok,red,2,0.7777777777777778,0.0,5.866666666666666,0.22360679774997902,5.6,6.3,5.8,9,0.7000000000000002,0.038114795071019156,0.0,0.23994444444444443,0.030210681517929692,0.189,0.2776,0.2341,9,0.08860000000000001,0.12590698479340923,0.0,9.333333333333334,2.598076211353316,5.0,12.0,11.0,9,7.0,0.27836530835928386,0.0,796.7777777777778,134.7504895888859,585.0,994.0,806.0,9,409.0,0.16911928689164316,0.0,3.644444444444444,0.5918426968188235,2.7,4.4,3.5,9,1.7000000000000002,0.1623958619319943,0.0,11.0,3.872983346207417,3.0,17.0,11.0,9,14.0,0.35208939510976517,0.0,0.7,0.0,0.7,0.7,0.7,9,0.0,0.0,0.0,0.060000000000000005,0.0,0.06,0.06,0.06,9,0.0,0.0,0.0,11.013333333999999,0.0,11.013333333999999,11.013333333999999,11.013333333999999,9,0.0,0.0,0.0,19.975833332875,0.0,19.975833332875,19.975833332875,19.975833332875,9,0.0,0.0,0.0,24.566666667,0.0,24.566666667,24.566666667,24.566666667,9,0.0,0.0,0.0,6.71833333325,0.0,6.71833333325,6.71833333325,6.71833333325,9,0.0,0.0,0.0,26.873333333,0.0,26.873333333,26.873333333,26.873333333,9,0.0,0.0,0.0,48.62,0.0,48.62,48.62,48.62,9,0.0,0.0,0.0,81.38,0.0,81.38,81.38,81.38,9,0.0,0.0,0.0,Maize
zone_11_13,11,mendeley_8v757rr4st_crop_recommendation_soil_weather,25,353,14,4,0.72,ok,red,3,0.6666666666666666,0.0,5.203333333333333,0.19450420061780418,4.8,5.68,5.2,24,0.8799999999999999,0.03738069198292201,0.0,0.19093749999999998,0.02703837550593599,0.12,0.2344,0.1972,24,0.1144,0.1416085132880445,0.0,5.229166666666667,3.223484364670529,2.0,13.0,4.0,24,11.0,0.6164432251162764,0.0,344.7083333333333,103.82321059363852,119.0,558.0,344.5,24,439.0,0.30119147277255226,0.0,2.4079166666666665,0.36763615243839953,1.8,3.3,2.3,24,1.4999999999999998,0.15267810449076985,0.0,12.4125,2.0864599726309883,9.0,18.0,13.0,24,9.0,0.16809345197429915,0.0,0.6999999999999998,0.0,0.7,0.7,0.7,24,0.0,0.0,0.0,0.06,0.0,0.06,0.06,0.06,24,0.0,0.0,0.0,11.013333334,0.0,11.013333333999999,11.013333333999999,11.013333333999999,24,0.0,0.0,0.0,19.975833332875,0.0,19.975833332875,19.975833332875,19.975833332875,24,0.0,0.0,0.0,24.566666667000003,0.0,24.566666667,24.566666667,24.566666667,24,0.0,0.0,0.0,6.71833333325,0.0,6.71833333325,6.71833333325,6.71833333325,24,0.0,0.0,0.0,26.873333333,0.0,26.873333333,26.873333333,26.873333333,24,0.0,0.0,0.0,48.62,0.0,48.62,48.62,48.62,24,0.0,0.0,0.0,81.38,0.0,81.38,81.38,81.38,24,0.0,0.0,0.0,Maize
zone_12_00,12,mendeley_8v757rr4st_crop_recommendation_soil_weather,62,682,27,7,0.6129032258064516,ok,brown,5,0.5,0.0,5.910576923076923,0.17470887225681714,5.5,6.3,6.0,52,0.7999999999999998,0.02955868344673659,0.0,0.09401901401923077,0.01993435869440658,0.0616,0.151666688,0.0966274835,52,0.09006668799999999,0.21202475799553888,0.0,4.500961538461539,6.6475748960422925,0.05,35.0,2.0,52,34.95,1.4769232838889093,0.0,198.7684615384615,74.42013137887807,78.0,456.0,183.615,52,378.0,0.37440613466979944,0.0,1.1892307692307693,0.3420230823184487,0.5,2.0,1.1,52,1.5,0.2876002632690707,0.0,5.019615384615384,1.5198709459384019,0.05,8.0,5.0,52,7.95,0.30278633510381164,0.0,0.77,0.0,0.77,0.77,0.77,52,0.0,0.0,0.0,36.06,0.0,36.06,36.06,36.06,52,0.0,0.0,0.0,10.235000001749999,0.0,10.235000001749999,10.235000001749999,10.235000001749999,52,0.0,0.0,0.0,16.8074999995,0.0,16.8074999995,16.8074999995,16.8074999995,52,0.0,0.0,0.0,22.816666667,0.0,22.816666667,22.816666667,22.816666667,52,0.0,0.0,0.0,7.6450000007500005,0.0,7.6450000007500005,7.6450000007500005,7.6450000007500005,52,0.0,0.0,0.0,30.580000003000002,0.0,30.580000003000002,30.580000003000002,30.580000003000002,52,0.0,0.0,0.0,59.11,0.0,59.11,59.11,59.11,52,0.0,0.0,0.0,77.29,0.0,77.29,77.29,77.29,52,0.0,0.0,0.0,Teff
zone_12_06,12,mendeley_8v757rr4st_crop_recommendation_soil_weather,18,682,27,6,0.6666666666666666,ok,red,4,0.5,0.0,5.807142857142857,0.015406577730392928,5.8,5.85,5.8,14,0.04999999999999982,0.002653039215565818,0.0,0.24570910157142856,0.009109638182163943,0.2289,0.250293402,0.250293402,14,0.021393402000000006,0.0370748910964364,0.0,4.473571428571428,3.6506808788390255,1.0,14.0,3.5,14,13.0,0.8160551222057538,0.0,127.465,89.263504882153,42.0,358.0,92.755,14,316.0,0.7002981593547484,0.0,1.1521428571428571,0.33383963380476717,0.4,1.73,1.1,14,1.33,0.28975541681752887,0.0,15.397857142857143,2.480211462980304,11.0,19.0,15.5,14,8.0,0.16107510544938652,0.0,0.7700000000000001,0.0,0.77,0.77,0.77,14,0.0,0.0,0.0,36.06,0.0,36.06,36.06,36.06,14,0.0,0.0,0.0,10.235000001749999,0.0,10.235000001749999,10.235000001749999,10.235000001749999,14,0.0,0.0,0.0,16.8074999995,0.0,16.8074999995,16.8074999995,16.8074999995,14,0.0,0.0,0.0,22.816666667,0.0,22.816666667,22.816666667,22.816666667,14,0.0,0.0,0.0,7.6450000007500005,0.0,7.6450000007500005,7.6450000007500005,7.6450000007500005,14,0.0,0.0,0.0,30.580000003000002,0.0,30.580000003000002,30.580000003000002,30.580000003000002,14,0.0,0.0,0.0,59.11,0.0,59.11,59.11,59.11,14,0.0,0.0,0.0,77.29,0.0,77.29,77.29,77.29,14,0.0,0.0,0.0,Wheat
zone_12_14,12,mendeley_8v757rr4st_crop_recommendation_soil_weather,55,682,27,8,0.6181818181818182,ok,brown,5,0.5652173913043478,0.0,6.339565217391304,0.19125267198411305,6.01,6.74,6.37,46,0.7300000000000004,0.03016810544979494,0.0,0.13139134252173915,0.031575809648282945,0.0739,0.2289,0.1209,46,0.155,0.24031879911006024,0.0,3.883695652173913,3.4627390306234305,0.05,16.0,2.8,46,15.95,0.8916092662114626,0.0,171.8695652173913,71.27181418754923,50.0,331.0,154.5,46,281.0,0.4146854860393706,0.0,1.0630434782608695,0.3164797312464972,0.6,1.7,1.0,46,1.1,0.2977109946286068,0.0,4.958695652173913,2.2558640706642787,0.05,9.3,5.1,46,9.25,0.45493093928345824,0.0,0.77,0.0,0.77,0.77,0.77,46,0.0,0.0,0.0,36.06,0.0,36.06,36.06,36.06,46,0.0,0.0,0.0,10.235000001749999,0.0,10.235000001749999,10.235000001749999,10.235000001749999,46,0.0,0.0,0.0,16.8074999995,0.0,16.8074999995,16.8074999995,16.8074999995,46,0.0,0.0,0.0,22.816666667,0.0,22.816666667,22.816666667,22.816666667,46,0.0,0.0,0.0,7.645000000750001,0.0,7.6450000007500005,7.6450000007500005,7.6450000007500005,46,0.0,0.0,0.0,30.580000003000006,0.0,30.580000003000002,30.580000003000002,30.580000003000002,46,0.0,0.0,0.0,59.11,0.0,59.11,59.11,59.11,46,0.0,0.0,0.0,77.29,0.0,77.29,77.29,77.29,46,0.0,0.0,0.0,Teff
zone_12_20,12,mendeley_8v757rr4st_crop_recommendation_soil_weather,25,682,27,5,0.64,ok,brown,4,0.5,0.0,7.1395,0.4253602188609949,6.59,7.8,6.98,20,1.21,0.05957843250381608,0.0,0.09252483824999999,0.021654344463033152,0.0467,0.120529872,0.097377506,20,0.07382987199999999,0.2340381769111945,0.0,3.697,3.000056315260905,0.05,10.24,2.4,20,10.19,0.8114839911444158,0.0,229.27550000000002,131.91501293097363,83.0,540.0,211.255,20,457.0,0.575355905585087,0.0,1.1800000000000002,0.3819616955168479,0.6,2.2,1.25,20,1.6,0.3236963521329219,0.0,3.5335,2.0215868571626183,0.05,7.0,3.4,20,6.95,0.5721202369216409,0.0,0.77,0.0,0.77,0.77,0.77,20,0.0,0.0,0.0,36.06,0.0,36.06,36.06,36.06,20,0.0,0.0,0.0,10.235000001749999,0.0,10.235000001749999,10.235000001749999,10.235000001749999,20,0.0,0.0,0.0,16.8074999995,0.0,16.8074999995,16.8074999995,16.8074999995,20,0.0,0.0,0.0,22.816666667,0.0,22.816666667,22.816666667,22.816666667,20,0.0,0.0,0.0,7.6450000007500005,0.0,7.6450000007500005,7.6450000007500005,7.6450000007500005,20,0.0,0.0,0.0,30.580000003000002,0.0,30.580000003000002,30.580000003000002,30.580000003000002,20,0.0,0.0,0.0,59.11,0.0,59.11,59.11,59.11,20,0.0,0.0,0.0,77.29,0.0,77.29,77.29,77.29,20,0.0,0.0,0.0,Teff
zone_12_22,12,mendeley_8v757rr4st_crop_recommendation_soil_weather,10,682,27,2,0.6,ok,brown,3,0.7,0.0,5.45,0.24152294576982403,5.3,5.8,5.3,10,0.5,0.04431613683849982,0.0,0.2346180206,0.010817040833695737,0.2279,0.250293402,0.2279,10,0.022393402000000007,0.04610490194245436,0.0,7.858,3.395856298490853,2.0,13.0,8.5,10,11.0,0.4321527485989887,0.0,146.38600000000002,71.50610855024905,74.0,283.0,127.81,10,209.0,0.4884764154376036,0.0,1.247,0.3711259145417421,0.7,2.06,1.2,10,1.36,0.29761500765175786,0.0,22.999000000000002,3.157187391052711,19.0,29.0,22.5,10,10.0,0.13727498547992134,0.0,0.77,0.0,0.77,0.77,0.77,10,0.0,0.0,0.0,36.06,0.0,36.06,36.06,36.06,10,0.0,0.0,0.0,10.235000001749999,0.0,10.235000001749999,10.235000001749999,10.235000001749999,10,0.0,0.0,0.0,16.8074999995,0.0,16.8074999995,16.8074999995,16.8074999995,10,0.0,0.0,0.0,22.816666667,0.0,22.816666667,22.816666667,22.816666667,10,0.0,0.0,0.0,7.6450000007500005,0.0,7.6450000007500005,7.6450000007500005,7.6450000007500005,10,0.0,0.0,0.0,30.580000003000002,0.0,30.580000003000002,30.580000003000002,30.580000003000002,10,0.0,0.0,0.0,59.11,0.0,59.11,59.11,59.11,10,0.0,0.0,0.0,77.29,0.0,77.29,77.29,77.29,10,0.0,0.0,0.0,Barley
zone_14_04,14,mendeley_8v757rr4st_crop_recommendation_soil_weather,9,617,25,3,0.6666666666666666,ok,black,3,0.5,0.0,7.31625,0.43473924861428614,6.91,8.0,7.125,8,1.0899999999999999,0.05942104884528086,0.0,0.112614167625,0.043759098835595596,0.0434,0.176938188,0.11374999999999999,8,0.133538188,0.38857543201235023,0.0,6.26125,6.523847325663855,1.5,21.8,4.5,8,20.3,1.0419400799622847,0.0,320.875,145.49269741124468,129.0,526.0,313.0,8,397.0,0.453424845847276,0.0,1.25375,0.31968455434336246,0.8,1.71,1.26,8,0.9099999999999999,0.2549826953885244,0.0,6.0424999999999995,2.8235577860969254,0.05,9.77,6.3,8,9.719999999999999,0.4672830427963468,0.0,0.73,0.0,0.73,0.73,0.73,8,0.0,0.0,0.0,68.94,0.0,68.94,68.94,68.94,8,0.0,0.0,0.0,10.435833335,0.0,10.435833335,10.435833335,10.435833335,8,0.0,0.0,0.0,16.979166667125,0.0,16.979166667125,16.979166667125,16.979166667125,8,0.0,0.0,0.0,23.95333333,0.0,23.95333333,23.95333333,23.95333333,8,0.0,0.0,0.0,7.538333334,0.0,7.538333334,7.538333334,7.538333334,8,0.0,0.0,0.0,30.153333336,0.0,30.153333336,30.153333336,30.153333336,8,0.0,0.0,0.0,59.11,0.0,59.11,59.11,59.11,8,0.0,0.0,0.0,78.25,0.0,78.25,78.25,78.25,8,0.0,0.0,0.0,Teff
zone_14_15,14,mendeley_8v757rr4st_crop_recommendation_soil_weather,9,617,25,3,0.7777777777777778,ok,black,2,0.6666666666666666,0.0,5.657777777777778,0.2029025491324452,5.4,6.1,5.67,9,0.6999999999999993,0.035862587238649,0.0,0.17396298077777778,0.0491947288899464,0.1255,0.294666827,0.17,9,0.16916682700000002,0.28278849137902673,0.0,27.875555555555554,8.710905680684288,19.78,43.0,24.0,9,23.22,0.3124926304454663,0.0,270.74666666666667,161.28052455271842,92.0,524.72,209.0,9,432.72,0.5956879415667232,0.0,3.4066666666666667,1.6446580191638627,1.4,7.4,2.9,9,6.0,0.4827763265647346,0.0,14.444444444444445,2.846098694314337,11.0,19.0,14.0,9,8.0,0.1970376019140695,0.0,0.73,0.0,0.73,0.73,0.73,9,0.0,0.0,0.0,68.94,0.0,68.94,68.94,68.94,9,0.0,0.0,0.0,10.435833335,0.0,10.435833335,10.435833335,10.435833335,9,0.0,0.0,0.0,16.979166667125,0.0,16.979166667125,16.979166667125,16.979166667125,9,0.0,0.0,0.0,23.95333333,0.0,23.95333333,23.95333333,23.95333333,9,0.0,0.0,0.0,7.538333333999999,0.0,7.538333334,7.538333334,7.538333334,9,0.0,0.0,0.0,30.153333335999996,0.0,30.153333336,30.153333336,30.153333336,9,0.0,0.0,0.0,59.11,0.0,59.11,59.11,59.11,9,0.0,0.0,0.0,78.25,0.0,78.25,78.25,78.25,9,0.0,0.0,0.0,Wheat
zone_16_01,16,mendeley_8v757rr4st_crop_recommendation_soil_weather,45,231,9,8,0.6,ok,red,3,0.8461538461538461,0.0,5.650769230769231,0.24562899511024025,4.9,6.0,5.7,39,1.0999999999999996,0.04346824035438501,0.0,0.19563779533333334,0.02235181373159703,0.1503,0.232567949,0.1971,39,0.082267949,0.11425099988227409,0.0,4.458974358974359,2.169878476917174,1.63,11.0,4.0,39,9.370000000000001,0.48663174582961344,0.0,494.71794871794873,90.61339180622741,345.0,718.0,492.0,39,373.0,0.18316172283833673,0.0,2.1315384615384616,0.6611017059326383,1.1,4.2,2.2,39,3.1,0.3101523701596643,0.0,12.484615384615385,3.0427254456575312,7.3,19.4,12.0,39,12.099999999999998,0.2437179962633882,0.0,0.73,0.0,0.73,0.73,0.73,39,0.0,0.0,0.0,343.44,0.0,343.44,343.44,343.44,39,0.0,0.0,0.0,11.71416666575,0.0,11.71416666575,11.71416666575,11.71416666575,39,0.0,0.0,0.0,19.813333332875,0.0,19.813333332875,19.813333332875,19.813333332875,39,0.0,0.0,0.0,23.796666666999997,0.0,23.796666666999997,23.796666666999997,23.796666666999997,39,0.0,0.0,0.0,8.63166666575,0.0,8.63166666575,8.63166666575,8.63166666575,39,0.0,0.0,0.0,34.526666663,0.0,34.526666663,34.526666663,34.526666663,39,0.0,0.0,0.0,59.11,0.0,59.11,59.11,59.11,39,0.0,0.0,0.0,82.6,0.0,82.6,82.6,82.6,39,0.0,0.0,0.0,Maize
zone_16_08,16,mendeley_8v757rr4st_crop_recommendation_soil_weather,20,231,9,5,0.6,ok,red,3,0.8421052631578947,0.0,6.086842105263158,0.3661671238288595,5.65,7.2,6.1,19,1.5499999999999998,0.06015715825982128,0.0,0.23540925736842108,0.03889654280381736,0.189316373,0.3215,0.21567219,19,0.132183627,0.16522945290525828,0.0,9.738947368421051,6.482594554940383,3.0,29.0,7.0,19,26.0,0.6656360600079296,0.0,736.8421052631579,151.30185544793662,530.0,1063.0,722.0,19,533.0,0.20533823239362825,0.0,3.727368421052631,0.9877743900375403,2.04,6.1,3.6,19,4.06,0.265005837485361,0.0,11.021052631578948,3.6714482379222906,2.3,17.8,11.1,19,15.5,0.3331304513874093,0.0,0.73,0.0,0.73,0.73,0.73,19,0.0,0.0,0.0,343.44,0.0,343.44,343.44,343.44,19,0.0,0.0,0.0,11.71416666575,0.0,11.71416666575,11.71416666575,11.71416666575,19,0.0,0.0,0.0,19.813333332875,0.0,19.813333332875,19.813333332875,19.813333332875,19,0.0,0.0,0.0,23.796666666999997,0.0,23.796666666999997,23.796666666999997,23.796666666999997,19,0.0,0.0,0.0,8.63166666575,0.0,8.63166666575,8.63166666575,8.63166666575,19,0.0,0.0,0.0,34.526666663,0.0,34.526666663,34.526666663,34.526666663,19,0.0,0.0,0.0,59.10999999999999,0.0,59.11,59.11,59.11,19,0.0,0.0,0.0,82.6,0.0,82.6,82.6,82.6,19,0.0,0.0,0.0,Maize
